[
{
    "model": "game.team",
    "pk": 1,
    "fields": {
        "created_at": "2022-07-02T14:29:12.473Z",
        "name": "grambon weekly",
        "password": "robust-pamper-approve",
        "members": [
            1
        ]
    }
},
{
    "model": "game.team",
    "pk": 2,
    "fields": {
        "created_at": "2022-07-02T14:29:37.733Z",
        "name": "for all the marbles",
        "password": "silent-pros-earnest",
        "members": [
            2,
            5,
            6
        ]
    }
},
{
    "model": "game.team",
    "pk": 3,
    "fields": {
        "created_at": "2022-07-02T14:29:57.774Z",
        "name": "hello world",
        "password": "supurb-glorify-bright",
        "members": [
            1,
            5,
            7
        ]
    }
},
{
    "model": "game.team",
    "pk": 4,
    "fields": {
        "created_at": "2022-07-02T14:30:23.573Z",
        "name": "The Best Team",
        "password": "leads-joy-blossom",
        "members": [
            1,
            2,
            4,
            5
        ]
    }
},
{
    "model": "game.team",
    "pk": 5,
    "fields": {
        "created_at": "2022-07-02T14:30:55.910Z",
        "name": "All the gold in utah",
        "password": "shine-bargain-woo",
        "members": [
            2,
            5
        ]
    }
},
{
    "model": "game.team",
    "pk": 6,
    "fields": {
        "created_at": "2022-07-02T16:40:19.939Z",
        "name": "Guest Team",
        "password": "guest",
        "members": [
            3
        ]
    }
},
{
    "model": "game.question",
    "pk": 1,
    "fields": {
        "created_at": "2022-11-10T10:23:58.165Z",
        "question_type": 0,
        "question_text": "What band—none of whose members were actually related to one another—first hit the Billboard Top 100 in 1977 with the song “Sheena is a Punk Rocker”?",
        "question_url": "",
        "display_answer": "The Ramones",
        "answer_notes": ""
    }
},
{
    "model": "game.question",
    "pk": 2,
    "fields": {
        "created_at": "2022-11-10T10:23:58.183Z",
        "question_type": 0,
        "question_text": "If you've spent the day driving around Peach Beach, Banshee Boardwalk, and Rainbow Road, you're playing an installment of what video game franchise?",
        "question_url": "",
        "display_answer": "“Mario Kart”",
        "answer_notes": ""
    }
},
{
    "model": "game.question",
    "pk": 3,
    "fields": {
        "created_at": "2022-11-10T10:23:58.201Z",
        "question_type": 0,
        "question_text": "“Selenology” is defined as the scientific study of the… what?",
        "question_url": "",
        "display_answer": "Moon",
        "answer_notes": ""
    }
},
{
    "model": "game.question",
    "pk": 4,
    "fields": {
        "created_at": "2022-11-10T10:23:58.220Z",
        "question_type": 0,
        "question_text": "Which Caribbean nation has a name that translates to English as “the bearded ones?",
        "question_url": "",
        "display_answer": "Barbados",
        "answer_notes": ""
    }
},
{
    "model": "game.question",
    "pk": 5,
    "fields": {
        "created_at": "2022-11-10T10:23:58.236Z",
        "question_type": 0,
        "question_text": "What term for a day of special significance dates back to the days of the Roman Republic, when a certain color ink was used to mark these days on the calendar?",
        "question_url": "",
        "display_answer": "Red Letter Day",
        "answer_notes": ""
    }
},
{
    "model": "game.question",
    "pk": 6,
    "fields": {
        "created_at": "2022-11-10T10:23:58.261Z",
        "question_type": 1,
        "question_text": "Jimmy Cliff’s cover of the song “I Can See Clearly Now” hit the charts in 1993 after it was used in what movie—a wildly fictionalized retelling of the 1988 Winter Olympics in Calgary?",
        "question_url": "",
        "display_answer": "“Cool Runnings”",
        "answer_notes": ""
    }
},
{
    "model": "game.question",
    "pk": 7,
    "fields": {
        "created_at": "2022-11-10T10:23:58.278Z",
        "question_type": 1,
        "question_text": "What ‘90s rapper, who has desperately been trying to keep his trademark braids despite going bald in recent years, performed the theme song for the TV show “Kenan and Kel”?",
        "question_url": "",
        "display_answer": "Coolio",
        "answer_notes": ""
    }
},
{
    "model": "game.question",
    "pk": 8,
    "fields": {
        "created_at": "2022-11-10T10:23:58.294Z",
        "question_type": 1,
        "question_text": "What character actor, who also appeared in “American Pie,” is so recognizable for her role in “Legally Blonde” that she reprised it in 2018 for Ariana Grande’s “thank u, next” video?",
        "question_url": "",
        "display_answer": "Jennifer Coolidge",
        "answer_notes": ""
    }
},
{
    "model": "game.question",
    "pk": 9,
    "fields": {
        "created_at": "2022-11-10T10:23:58.310Z",
        "question_type": 1,
        "question_text": "What snack food, originally available only in “Toasted Corn” flavor, sells one of its most popular flavors in much of Europe under the branding “Cool American”?",
        "question_url": "",
        "display_answer": "Doritos",
        "answer_notes": ""
    }
},
{
    "model": "game.question",
    "pk": 10,
    "fields": {
        "created_at": "2022-11-10T10:23:58.325Z",
        "question_type": 1,
        "question_text": "“What we’ve got here is failure to communicate” is No. 11 on the American Film Institute’s list of the “100 Greatest Movie Quotes of All Time.” It’s a line from what movie?",
        "question_url": "",
        "display_answer": "“Cool Hand Luke”",
        "answer_notes": ""
    }
},
{
    "model": "game.question",
    "pk": 11,
    "fields": {
        "created_at": "2022-11-10T10:23:58.351Z",
        "question_type": 1,
        "question_text": "A city on the French Riviera, or pretty cool.",
        "question_url": "",
        "display_answer": "Nice",
        "answer_notes": ""
    }
},
{
    "model": "game.question",
    "pk": 12,
    "fields": {
        "created_at": "2022-11-10T10:23:58.366Z",
        "question_type": 1,
        "question_text": "A fancy street in Beverly Hills, or a showcase for cowboys and cowgirls.",
        "question_url": "",
        "display_answer": "Rodeo",
        "answer_notes": ""
    }
},
{
    "model": "game.question",
    "pk": 13,
    "fields": {
        "created_at": "2022-11-10T10:23:58.383Z",
        "question_type": 1,
        "question_text": "The capital of Peru, or another name for a butter bean.",
        "question_url": "",
        "display_answer": "Lima",
        "answer_notes": ""
    }
},
{
    "model": "game.question",
    "pk": 14,
    "fields": {
        "created_at": "2022-11-10T10:23:58.398Z",
        "question_type": 1,
        "question_text": "A city in Texas, or a street in New York.",
        "question_url": "",
        "display_answer": "Houston",
        "answer_notes": ""
    }
},
{
    "model": "game.question",
    "pk": 15,
    "fields": {
        "created_at": "2022-11-10T10:23:58.414Z",
        "question_type": 1,
        "question_text": "A mountain in Washington, or what the Pacific Northwest is, compared to the Southwest.",
        "question_url": "",
        "display_answer": "Rainier",
        "answer_notes": ""
    }
},
{
    "model": "game.question",
    "pk": 16,
    "fields": {
        "created_at": "2022-11-10T10:23:58.443Z",
        "question_type": 3,
        "question_text": "Name this person.",
        "question_url": "",
        "display_answer": "Antonio Banderas",
        "answer_notes": ""
    }
},
{
    "model": "game.question",
    "pk": 17,
    "fields": {
        "created_at": "2022-11-10T10:23:58.459Z",
        "question_type": 3,
        "question_text": "Name this person.",
        "question_url": "",
        "display_answer": "Clea DuVall",
        "answer_notes": ""
    }
},
{
    "model": "game.question",
    "pk": 18,
    "fields": {
        "created_at": "2022-11-10T10:23:58.473Z",
        "question_type": 3,
        "question_text": "Name this person.",
        "question_url": "",
        "display_answer": "Ella Fitzgerald",
        "answer_notes": ""
    }
},
{
    "model": "game.question",
    "pk": 19,
    "fields": {
        "created_at": "2022-11-10T10:23:58.489Z",
        "question_type": 3,
        "question_text": "Name this person.",
        "question_url": "",
        "display_answer": "George Harrison",
        "answer_notes": ""
    }
},
{
    "model": "game.question",
    "pk": 20,
    "fields": {
        "created_at": "2022-11-10T10:23:58.505Z",
        "question_type": 3,
        "question_text": "Name this character.",
        "question_url": "",
        "display_answer": "Indiana Jones",
        "answer_notes": ""
    }
},
{
    "model": "game.question",
    "pk": 21,
    "fields": {
        "created_at": "2022-11-10T10:23:58.519Z",
        "question_type": 3,
        "question_text": "Name this person.",
        "question_url": "",
        "display_answer": "Kellan Lutz",
        "answer_notes": ""
    }
},
{
    "model": "game.question",
    "pk": 22,
    "fields": {
        "created_at": "2022-11-10T10:23:58.534Z",
        "question_type": 3,
        "question_text": "Name this person.",
        "question_url": "",
        "display_answer": "Martina Navratilova",
        "answer_notes": ""
    }
},
{
    "model": "game.question",
    "pk": 23,
    "fields": {
        "created_at": "2022-11-10T10:23:58.549Z",
        "question_type": 3,
        "question_text": "Name this character.",
        "question_url": "",
        "display_answer": "Olivia Pope",
        "answer_notes": ""
    }
},
{
    "model": "game.question",
    "pk": 24,
    "fields": {
        "created_at": "2022-11-10T10:23:58.565Z",
        "question_type": 3,
        "question_text": "Name this thing.",
        "question_url": "",
        "display_answer": "Queen’s Rook",
        "answer_notes": ""
    }
},
{
    "model": "game.question",
    "pk": 25,
    "fields": {
        "created_at": "2022-11-10T10:23:58.581Z",
        "question_type": 3,
        "question_text": "Name this person.",
        "question_url": "",
        "display_answer": "Shirley Temple",
        "answer_notes": ""
    }
},
{
    "model": "game.question",
    "pk": 26,
    "fields": {
        "created_at": "2022-11-10T10:23:58.608Z",
        "question_type": 1,
        "question_text": "Designer Gilbert Baker created the Pride flag in 1978. Its rainbow originally included the color pink, but it was eventually dropped due to pink fabric being more expensive than the other colors. How many stripes are now in the standard Pride flag?",
        "question_url": "",
        "display_answer": "6",
        "answer_notes": ""
    }
},
{
    "model": "game.question",
    "pk": 27,
    "fields": {
        "created_at": "2022-11-10T10:23:58.625Z",
        "question_type": 1,
        "question_text": "The “Progress Pride Flag,” designed by Daniel Quasar in 2018, adds black, brown, light blue, light pink, and white to the classic rainbow flag in what shape?",
        "question_url": "",
        "display_answer": "Triangle",
        "answer_notes": ""
    }
},
{
    "model": "game.question",
    "pk": 28,
    "fields": {
        "created_at": "2022-11-10T10:23:58.640Z",
        "question_type": 1,
        "question_text": "The White House was illuminated in rainbow flag colors following the Supreme Court ruling on Obergefell v. Hodges in 2015. What was the impact of that decision?",
        "question_url": "",
        "display_answer": "Legalized gay marriage",
        "answer_notes": ""
    }
},
{
    "model": "game.question",
    "pk": 29,
    "fields": {
        "created_at": "2022-11-10T10:23:58.656Z",
        "question_type": 1,
        "question_text": "Lena Waithe made a splash in 2018 when she wore a cope—that’s a liturgical cape worn by a Catholic bishop—made out of a rainbow flag to what annual event, whose theme that year was “Fashion and the Catholic Imagination”?",
        "question_url": "",
        "display_answer": "The Met Gala",
        "answer_notes": ""
    }
},
{
    "model": "game.question",
    "pk": 30,
    "fields": {
        "created_at": "2022-11-10T10:23:58.672Z",
        "question_type": 1,
        "question_text": "A large Pride flag flies year-round at the corner of Market and Castro streets in San Francisco, over a plaza named after what politician?",
        "question_url": "",
        "display_answer": "Harvey Milk",
        "answer_notes": ""
    }
},
{
    "model": "game.question",
    "pk": 31,
    "fields": {
        "created_at": "2022-11-10T10:23:58.701Z",
        "question_type": 4,
        "question_text": "June 30, 1960: Democratic Republic of the Congo",
        "question_url": "",
        "display_answer": "Belgium",
        "answer_notes": ""
    }
},
{
    "model": "game.question",
    "pk": 32,
    "fields": {
        "created_at": "2022-11-10T10:23:58.717Z",
        "question_type": 4,
        "question_text": "January 1, 1804: Haiti",
        "question_url": "",
        "display_answer": "France",
        "answer_notes": ""
    }
},
{
    "model": "game.question",
    "pk": 33,
    "fields": {
        "created_at": "2022-11-10T10:23:58.734Z",
        "question_type": 4,
        "question_text": "December 6, 1917: Finland",
        "question_url": "",
        "display_answer": "Russia",
        "answer_notes": ""
    }
},
{
    "model": "game.question",
    "pk": 34,
    "fields": {
        "created_at": "2022-11-10T10:23:58.751Z",
        "question_type": 4,
        "question_text": "July 28, 1821: Peru",
        "question_url": "",
        "display_answer": "Spain",
        "answer_notes": ""
    }
},
{
    "model": "game.question",
    "pk": 35,
    "fields": {
        "created_at": "2022-11-10T10:23:58.768Z",
        "question_type": 4,
        "question_text": "August 15, 1947: India",
        "question_url": "",
        "display_answer": "United Kingdom",
        "answer_notes": ""
    }
},
{
    "model": "game.question",
    "pk": 36,
    "fields": {
        "created_at": "2022-11-10T10:23:58.796Z",
        "question_type": 0,
        "question_text": "What classic American game show, often parodied on “RuPaul’s Drag Race,” was replicated in the U.K. and Australia under the name “Blankety Blanks”?",
        "question_url": "",
        "display_answer": "“Match Game”",
        "answer_notes": ""
    }
},
{
    "model": "game.question",
    "pk": 37,
    "fields": {
        "created_at": "2022-11-10T10:23:58.812Z",
        "question_type": 0,
        "question_text": "What vehicle brand takes its name from the Italian word for “wasp”?",
        "question_url": "",
        "display_answer": "Vespa",
        "answer_notes": ""
    }
},
{
    "model": "game.question",
    "pk": 38,
    "fields": {
        "created_at": "2022-11-10T10:23:58.830Z",
        "question_type": 0,
        "question_text": "What Germanic tribe sacked Rome in 455, and had a name that lives on today as a word that describes people who participate in the destruction of property?",
        "question_url": "",
        "display_answer": "Vandals",
        "answer_notes": ""
    }
},
{
    "model": "game.question",
    "pk": 39,
    "fields": {
        "created_at": "2022-11-10T10:23:58.848Z",
        "question_type": 0,
        "question_text": "Brass is an alloy of copper and zinc. Bronze is an alloy of copper and… what?",
        "question_url": "",
        "display_answer": "Tin",
        "answer_notes": ""
    }
},
{
    "model": "game.question",
    "pk": 40,
    "fields": {
        "created_at": "2022-11-10T10:23:58.866Z",
        "question_type": 0,
        "question_text": "What theatrical performance, which has been seen live by more than 25 million people worldwide, began in 1994 as a 7-minute interlude during the Eurovision Song Contest that told the history of Irish immigration to America?",
        "question_url": "",
        "display_answer": "“Riverdance”",
        "answer_notes": ""
    }
},
{
    "model": "game.question",
    "pk": 41,
    "fields": {
        "created_at": "2022-11-10T10:23:58.895Z",
        "question_type": 5,
        "question_text": "“There were nights of endless pleasure / \nIt was more than all your laws allow / \nBaby, baby, baby / \nWhen you touch me like this / \nAnd when you hold me like that”",
        "question_url": "",
        "display_answer": "Celine Dion, “It’s All Coming Back to Me Now”",
        "answer_notes": ""
    }
},
{
    "model": "game.question",
    "pk": 42,
    "fields": {
        "created_at": "2022-11-10T10:23:58.911Z",
        "question_type": 5,
        "question_text": "“If I only could / \nI'd make a deal with God / \nAnd I'd get him to swap our places / \nBe running up that road”",
        "question_url": "",
        "display_answer": "Kate Bush, “Running Up That Hill”",
        "answer_notes": ""
    }
},
{
    "model": "game.question",
    "pk": 43,
    "fields": {
        "created_at": "2022-11-10T10:23:58.928Z",
        "question_type": 5,
        "question_text": "“We were as one, babe / \nFor a moment in time / \nAnd it seemed everlasting / \nThat you would always be mi–”",
        "question_url": "",
        "display_answer": "Mariah Carey, “Always Be My Baby”",
        "answer_notes": ""
    }
},
{
    "model": "game.question",
    "pk": 44,
    "fields": {
        "created_at": "2022-11-10T10:23:58.945Z",
        "question_type": 5,
        "question_text": "“Last night, I was taking a walk along the river / \nAnd I saw him together with a young girl / \nAnd the look that he gave her made me shiver / \n'Cause he always used to look at me that way”",
        "question_url": "",
        "display_answer": "ABBA, “Angeleyes”",
        "answer_notes": ""
    }
},
{
    "model": "game.question",
    "pk": 45,
    "fields": {
        "created_at": "2022-11-10T10:23:58.961Z",
        "question_type": 5,
        "question_text": "“I'm not a perfect person / \nThere's many things I wish I–”",
        "question_url": "",
        "display_answer": "Hoobastank, “The Reason”",
        "answer_notes": ""
    }
},
{
    "model": "game.gamequestion",
    "pk": 1,
    "fields": {
        "created_at": "2022-11-10T10:23:58.172Z",
        "game": 1,
        "question": 1,
        "round_number": 1,
        "question_number": 1
    }
},
{
    "model": "game.gamequestion",
    "pk": 2,
    "fields": {
        "created_at": "2022-11-10T10:23:58.190Z",
        "game": 1,
        "question": 2,
        "round_number": 1,
        "question_number": 2
    }
},
{
    "model": "game.gamequestion",
    "pk": 3,
    "fields": {
        "created_at": "2022-11-10T10:23:58.208Z",
        "game": 1,
        "question": 3,
        "round_number": 1,
        "question_number": 3
    }
},
{
    "model": "game.gamequestion",
    "pk": 4,
    "fields": {
        "created_at": "2022-11-10T10:23:58.225Z",
        "game": 1,
        "question": 4,
        "round_number": 1,
        "question_number": 4
    }
},
{
    "model": "game.gamequestion",
    "pk": 5,
    "fields": {
        "created_at": "2022-11-10T10:23:58.242Z",
        "game": 1,
        "question": 5,
        "round_number": 1,
        "question_number": 5
    }
},
{
    "model": "game.gamequestion",
    "pk": 6,
    "fields": {
        "created_at": "2022-11-10T10:23:58.267Z",
        "game": 1,
        "question": 6,
        "round_number": 2,
        "question_number": 1
    }
},
{
    "model": "game.gamequestion",
    "pk": 7,
    "fields": {
        "created_at": "2022-11-10T10:23:58.284Z",
        "game": 1,
        "question": 7,
        "round_number": 2,
        "question_number": 2
    }
},
{
    "model": "game.gamequestion",
    "pk": 8,
    "fields": {
        "created_at": "2022-11-10T10:23:58.300Z",
        "game": 1,
        "question": 8,
        "round_number": 2,
        "question_number": 3
    }
},
{
    "model": "game.gamequestion",
    "pk": 9,
    "fields": {
        "created_at": "2022-11-10T10:23:58.316Z",
        "game": 1,
        "question": 9,
        "round_number": 2,
        "question_number": 4
    }
},
{
    "model": "game.gamequestion",
    "pk": 10,
    "fields": {
        "created_at": "2022-11-10T10:23:58.331Z",
        "game": 1,
        "question": 10,
        "round_number": 2,
        "question_number": 5
    }
},
{
    "model": "game.gamequestion",
    "pk": 11,
    "fields": {
        "created_at": "2022-11-10T10:23:58.356Z",
        "game": 1,
        "question": 11,
        "round_number": 3,
        "question_number": 1
    }
},
{
    "model": "game.gamequestion",
    "pk": 12,
    "fields": {
        "created_at": "2022-11-10T10:23:58.372Z",
        "game": 1,
        "question": 12,
        "round_number": 3,
        "question_number": 2
    }
},
{
    "model": "game.gamequestion",
    "pk": 13,
    "fields": {
        "created_at": "2022-11-10T10:23:58.388Z",
        "game": 1,
        "question": 13,
        "round_number": 3,
        "question_number": 3
    }
},
{
    "model": "game.gamequestion",
    "pk": 14,
    "fields": {
        "created_at": "2022-11-10T10:23:58.404Z",
        "game": 1,
        "question": 14,
        "round_number": 3,
        "question_number": 4
    }
},
{
    "model": "game.gamequestion",
    "pk": 15,
    "fields": {
        "created_at": "2022-11-10T10:23:58.420Z",
        "game": 1,
        "question": 15,
        "round_number": 3,
        "question_number": 5
    }
},
{
    "model": "game.gamequestion",
    "pk": 16,
    "fields": {
        "created_at": "2022-11-10T10:23:58.448Z",
        "game": 1,
        "question": 16,
        "round_number": 4,
        "question_number": 1
    }
},
{
    "model": "game.gamequestion",
    "pk": 17,
    "fields": {
        "created_at": "2022-11-10T10:23:58.464Z",
        "game": 1,
        "question": 17,
        "round_number": 4,
        "question_number": 2
    }
},
{
    "model": "game.gamequestion",
    "pk": 18,
    "fields": {
        "created_at": "2022-11-10T10:23:58.479Z",
        "game": 1,
        "question": 18,
        "round_number": 4,
        "question_number": 3
    }
},
{
    "model": "game.gamequestion",
    "pk": 19,
    "fields": {
        "created_at": "2022-11-10T10:23:58.495Z",
        "game": 1,
        "question": 19,
        "round_number": 4,
        "question_number": 4
    }
},
{
    "model": "game.gamequestion",
    "pk": 20,
    "fields": {
        "created_at": "2022-11-10T10:23:58.510Z",
        "game": 1,
        "question": 20,
        "round_number": 4,
        "question_number": 5
    }
},
{
    "model": "game.gamequestion",
    "pk": 21,
    "fields": {
        "created_at": "2022-11-10T10:23:58.525Z",
        "game": 1,
        "question": 21,
        "round_number": 4,
        "question_number": 6
    }
},
{
    "model": "game.gamequestion",
    "pk": 22,
    "fields": {
        "created_at": "2022-11-10T10:23:58.539Z",
        "game": 1,
        "question": 22,
        "round_number": 4,
        "question_number": 7
    }
},
{
    "model": "game.gamequestion",
    "pk": 23,
    "fields": {
        "created_at": "2022-11-10T10:23:58.554Z",
        "game": 1,
        "question": 23,
        "round_number": 4,
        "question_number": 8
    }
},
{
    "model": "game.gamequestion",
    "pk": 24,
    "fields": {
        "created_at": "2022-11-10T10:23:58.571Z",
        "game": 1,
        "question": 24,
        "round_number": 4,
        "question_number": 9
    }
},
{
    "model": "game.gamequestion",
    "pk": 25,
    "fields": {
        "created_at": "2022-11-10T10:23:58.587Z",
        "game": 1,
        "question": 25,
        "round_number": 4,
        "question_number": 10
    }
},
{
    "model": "game.gamequestion",
    "pk": 26,
    "fields": {
        "created_at": "2022-11-10T10:23:58.615Z",
        "game": 1,
        "question": 26,
        "round_number": 5,
        "question_number": 1
    }
},
{
    "model": "game.gamequestion",
    "pk": 27,
    "fields": {
        "created_at": "2022-11-10T10:23:58.631Z",
        "game": 1,
        "question": 27,
        "round_number": 5,
        "question_number": 2
    }
},
{
    "model": "game.gamequestion",
    "pk": 28,
    "fields": {
        "created_at": "2022-11-10T10:23:58.646Z",
        "game": 1,
        "question": 28,
        "round_number": 5,
        "question_number": 3
    }
},
{
    "model": "game.gamequestion",
    "pk": 29,
    "fields": {
        "created_at": "2022-11-10T10:23:58.662Z",
        "game": 1,
        "question": 29,
        "round_number": 5,
        "question_number": 4
    }
},
{
    "model": "game.gamequestion",
    "pk": 30,
    "fields": {
        "created_at": "2022-11-10T10:23:58.678Z",
        "game": 1,
        "question": 30,
        "round_number": 5,
        "question_number": 5
    }
},
{
    "model": "game.gamequestion",
    "pk": 31,
    "fields": {
        "created_at": "2022-11-10T10:23:58.707Z",
        "game": 1,
        "question": 31,
        "round_number": 6,
        "question_number": 1
    }
},
{
    "model": "game.gamequestion",
    "pk": 32,
    "fields": {
        "created_at": "2022-11-10T10:23:58.723Z",
        "game": 1,
        "question": 32,
        "round_number": 6,
        "question_number": 2
    }
},
{
    "model": "game.gamequestion",
    "pk": 33,
    "fields": {
        "created_at": "2022-11-10T10:23:58.740Z",
        "game": 1,
        "question": 33,
        "round_number": 6,
        "question_number": 3
    }
},
{
    "model": "game.gamequestion",
    "pk": 34,
    "fields": {
        "created_at": "2022-11-10T10:23:58.758Z",
        "game": 1,
        "question": 34,
        "round_number": 6,
        "question_number": 4
    }
},
{
    "model": "game.gamequestion",
    "pk": 35,
    "fields": {
        "created_at": "2022-11-10T10:23:58.774Z",
        "game": 1,
        "question": 35,
        "round_number": 6,
        "question_number": 5
    }
},
{
    "model": "game.gamequestion",
    "pk": 36,
    "fields": {
        "created_at": "2022-11-10T10:23:58.801Z",
        "game": 1,
        "question": 36,
        "round_number": 7,
        "question_number": 1
    }
},
{
    "model": "game.gamequestion",
    "pk": 37,
    "fields": {
        "created_at": "2022-11-10T10:23:58.819Z",
        "game": 1,
        "question": 37,
        "round_number": 7,
        "question_number": 2
    }
},
{
    "model": "game.gamequestion",
    "pk": 38,
    "fields": {
        "created_at": "2022-11-10T10:23:58.836Z",
        "game": 1,
        "question": 38,
        "round_number": 7,
        "question_number": 3
    }
},
{
    "model": "game.gamequestion",
    "pk": 39,
    "fields": {
        "created_at": "2022-11-10T10:23:58.855Z",
        "game": 1,
        "question": 39,
        "round_number": 7,
        "question_number": 4
    }
},
{
    "model": "game.gamequestion",
    "pk": 40,
    "fields": {
        "created_at": "2022-11-10T10:23:58.872Z",
        "game": 1,
        "question": 40,
        "round_number": 7,
        "question_number": 5
    }
},
{
    "model": "game.gamequestion",
    "pk": 41,
    "fields": {
        "created_at": "2022-11-10T10:23:58.901Z",
        "game": 1,
        "question": 41,
        "round_number": 8,
        "question_number": 1
    }
},
{
    "model": "game.gamequestion",
    "pk": 42,
    "fields": {
        "created_at": "2022-11-10T10:23:58.918Z",
        "game": 1,
        "question": 42,
        "round_number": 8,
        "question_number": 2
    }
},
{
    "model": "game.gamequestion",
    "pk": 43,
    "fields": {
        "created_at": "2022-11-10T10:23:58.934Z",
        "game": 1,
        "question": 43,
        "round_number": 8,
        "question_number": 3
    }
},
{
    "model": "game.gamequestion",
    "pk": 44,
    "fields": {
        "created_at": "2022-11-10T10:23:58.951Z",
        "game": 1,
        "question": 44,
        "round_number": 8,
        "question_number": 4
    }
},
{
    "model": "game.gamequestion",
    "pk": 45,
    "fields": {
        "created_at": "2022-11-10T10:23:58.967Z",
        "game": 1,
        "question": 45,
        "round_number": 8,
        "question_number": 5
    }
},
{
    "model": "game.gameround",
    "pk": 1,
    "fields": {
        "created_at": "2022-11-10T10:23:58.150Z",
        "title": "General Knowledge",
        "round_description": "",
        "round_number": 1,
        "game": 1
    }
},
{
    "model": "game.gameround",
    "pk": 2,
    "fields": {
        "created_at": "2022-11-10T10:23:58.252Z",
        "title": "Stay Cool",
        "round_description": "",
        "round_number": 2,
        "game": 1
    }
},
{
    "model": "game.gameround",
    "pk": 3,
    "fields": {
        "created_at": "2022-11-10T10:23:58.341Z",
        "title": "Where Do You Pronounce It Like That?",
        "round_description": "",
        "round_number": 3,
        "game": 1
    }
},
{
    "model": "game.gameround",
    "pk": 4,
    "fields": {
        "created_at": "2022-11-10T10:23:58.432Z",
        "title": "Alphabetical Initials",
        "round_description": "",
        "round_number": 4,
        "game": 1
    }
},
{
    "model": "game.gameround",
    "pk": 5,
    "fields": {
        "created_at": "2022-11-10T10:23:58.598Z",
        "title": "The Rainbow Flag",
        "round_description": "",
        "round_number": 5,
        "game": 1
    }
},
{
    "model": "game.gameround",
    "pk": 6,
    "fields": {
        "created_at": "2022-11-10T10:23:58.690Z",
        "title": "It’s Independence Day Somewhere",
        "round_description": "",
        "round_number": 6,
        "game": 1
    }
},
{
    "model": "game.gameround",
    "pk": 7,
    "fields": {
        "created_at": "2022-11-10T10:23:58.785Z",
        "title": "General Knowledge",
        "round_description": "",
        "round_number": 7,
        "game": 1
    }
},
{
    "model": "game.gameround",
    "pk": 8,
    "fields": {
        "created_at": "2022-11-10T10:23:58.884Z",
        "title": "Retro Vibes",
        "round_description": "",
        "round_number": 8,
        "game": 1
    }
},
{
    "model": "game.game",
    "pk": 1,
    "fields": {
        "created_at": "2022-11-10T10:23:30.515Z",
        "block_code": "20220606 - A - Sound",
        "title": "20220606 - A - Sound",
        "description": "",
        "date_used": "2022-11-10"
    }
},
{
    "model": "game.triviaevent",
    "pk": 1,
    "fields": {
        "created_at": "2022-11-10T10:23:49.896Z",
        "date": "2022-11-10",
        "game": 1,
        "location": 1,
        "join_code": "1234",
        "current_round_number": 1,
        "current_question_number": 1
    }
},
{
    "model": "game.triviaevent",
    "pk": 2,
    "fields": {
        "created_at": "2022-11-20T15:21:17.061Z",
        "date": "2022-11-20",
        "game": 1,
        "location": 2,
        "join_code": "9999",
        "current_round_number": 1,
        "current_question_number": 1
    }
},
{
    "model": "game.eventquestionstate",
    "pk": 1,
    "fields": {
        "created_at": "2022-11-10T10:23:58.177Z",
        "event": 1,
        "question_number": 1,
        "round_number": 1,
        "question_displayed": false,
        "answer_displayed": false
    }
},
{
    "model": "game.eventquestionstate",
    "pk": 2,
    "fields": {
        "created_at": "2022-11-10T10:23:58.195Z",
        "event": 1,
        "question_number": 2,
        "round_number": 1,
        "question_displayed": false,
        "answer_displayed": false
    }
},
{
    "model": "game.eventquestionstate",
    "pk": 3,
    "fields": {
        "created_at": "2022-11-10T10:23:58.214Z",
        "event": 1,
        "question_number": 3,
        "round_number": 1,
        "question_displayed": false,
        "answer_displayed": false
    }
},
{
    "model": "game.eventquestionstate",
    "pk": 4,
    "fields": {
        "created_at": "2022-11-10T10:23:58.231Z",
        "event": 1,
        "question_number": 4,
        "round_number": 1,
        "question_displayed": false,
        "answer_displayed": false
    }
},
{
    "model": "game.eventquestionstate",
    "pk": 5,
    "fields": {
        "created_at": "2022-11-10T10:23:58.247Z",
        "event": 1,
        "question_number": 5,
        "round_number": 1,
        "question_displayed": false,
        "answer_displayed": false
    }
},
{
    "model": "game.eventquestionstate",
    "pk": 6,
    "fields": {
        "created_at": "2022-11-10T10:23:58.273Z",
        "event": 1,
        "question_number": 1,
        "round_number": 2,
        "question_displayed": false,
        "answer_displayed": false
    }
},
{
    "model": "game.eventquestionstate",
    "pk": 7,
    "fields": {
        "created_at": "2022-11-10T10:23:58.289Z",
        "event": 1,
        "question_number": 2,
        "round_number": 2,
        "question_displayed": false,
        "answer_displayed": false
    }
},
{
    "model": "game.eventquestionstate",
    "pk": 8,
    "fields": {
        "created_at": "2022-11-10T10:23:58.305Z",
        "event": 1,
        "question_number": 3,
        "round_number": 2,
        "question_displayed": false,
        "answer_displayed": false
    }
},
{
    "model": "game.eventquestionstate",
    "pk": 9,
    "fields": {
        "created_at": "2022-11-10T10:23:58.320Z",
        "event": 1,
        "question_number": 4,
        "round_number": 2,
        "question_displayed": false,
        "answer_displayed": false
    }
},
{
    "model": "game.eventquestionstate",
    "pk": 10,
    "fields": {
        "created_at": "2022-11-10T10:23:58.336Z",
        "event": 1,
        "question_number": 5,
        "round_number": 2,
        "question_displayed": false,
        "answer_displayed": false
    }
},
{
    "model": "game.eventquestionstate",
    "pk": 11,
    "fields": {
        "created_at": "2022-11-10T10:23:58.361Z",
        "event": 1,
        "question_number": 1,
        "round_number": 3,
        "question_displayed": false,
        "answer_displayed": false
    }
},
{
    "model": "game.eventquestionstate",
    "pk": 12,
    "fields": {
        "created_at": "2022-11-10T10:23:58.377Z",
        "event": 1,
        "question_number": 2,
        "round_number": 3,
        "question_displayed": false,
        "answer_displayed": false
    }
},
{
    "model": "game.eventquestionstate",
    "pk": 13,
    "fields": {
        "created_at": "2022-11-10T10:23:58.393Z",
        "event": 1,
        "question_number": 3,
        "round_number": 3,
        "question_displayed": false,
        "answer_displayed": false
    }
},
{
    "model": "game.eventquestionstate",
    "pk": 14,
    "fields": {
        "created_at": "2022-11-10T10:23:58.409Z",
        "event": 1,
        "question_number": 4,
        "round_number": 3,
        "question_displayed": false,
        "answer_displayed": false
    }
},
{
    "model": "game.eventquestionstate",
    "pk": 15,
    "fields": {
        "created_at": "2022-11-10T10:23:58.427Z",
        "event": 1,
        "question_number": 5,
        "round_number": 3,
        "question_displayed": false,
        "answer_displayed": false
    }
},
{
    "model": "game.eventquestionstate",
    "pk": 16,
    "fields": {
        "created_at": "2022-11-10T10:23:58.454Z",
        "event": 1,
        "question_number": 1,
        "round_number": 4,
        "question_displayed": false,
        "answer_displayed": false
    }
},
{
    "model": "game.eventquestionstate",
    "pk": 17,
    "fields": {
        "created_at": "2022-11-10T10:23:58.469Z",
        "event": 1,
        "question_number": 2,
        "round_number": 4,
        "question_displayed": false,
        "answer_displayed": false
    }
},
{
    "model": "game.eventquestionstate",
    "pk": 18,
    "fields": {
        "created_at": "2022-11-10T10:23:58.484Z",
        "event": 1,
        "question_number": 3,
        "round_number": 4,
        "question_displayed": false,
        "answer_displayed": false
    }
},
{
    "model": "game.eventquestionstate",
    "pk": 19,
    "fields": {
        "created_at": "2022-11-10T10:23:58.500Z",
        "event": 1,
        "question_number": 4,
        "round_number": 4,
        "question_displayed": false,
        "answer_displayed": false
    }
},
{
    "model": "game.eventquestionstate",
    "pk": 20,
    "fields": {
        "created_at": "2022-11-10T10:23:58.515Z",
        "event": 1,
        "question_number": 5,
        "round_number": 4,
        "question_displayed": false,
        "answer_displayed": false
    }
},
{
    "model": "game.eventquestionstate",
    "pk": 21,
    "fields": {
        "created_at": "2022-11-10T10:23:58.529Z",
        "event": 1,
        "question_number": 6,
        "round_number": 4,
        "question_displayed": false,
        "answer_displayed": false
    }
},
{
    "model": "game.eventquestionstate",
    "pk": 22,
    "fields": {
        "created_at": "2022-11-10T10:23:58.544Z",
        "event": 1,
        "question_number": 7,
        "round_number": 4,
        "question_displayed": false,
        "answer_displayed": false
    }
},
{
    "model": "game.eventquestionstate",
    "pk": 23,
    "fields": {
        "created_at": "2022-11-10T10:23:58.559Z",
        "event": 1,
        "question_number": 8,
        "round_number": 4,
        "question_displayed": false,
        "answer_displayed": false
    }
},
{
    "model": "game.eventquestionstate",
    "pk": 24,
    "fields": {
        "created_at": "2022-11-10T10:23:58.576Z",
        "event": 1,
        "question_number": 9,
        "round_number": 4,
        "question_displayed": false,
        "answer_displayed": false
    }
},
{
    "model": "game.eventquestionstate",
    "pk": 25,
    "fields": {
        "created_at": "2022-11-10T10:23:58.593Z",
        "event": 1,
        "question_number": 10,
        "round_number": 4,
        "question_displayed": false,
        "answer_displayed": false
    }
},
{
    "model": "game.eventquestionstate",
    "pk": 26,
    "fields": {
        "created_at": "2022-11-10T10:23:58.620Z",
        "event": 1,
        "question_number": 1,
        "round_number": 5,
        "question_displayed": false,
        "answer_displayed": false
    }
},
{
    "model": "game.eventquestionstate",
    "pk": 27,
    "fields": {
        "created_at": "2022-11-10T10:23:58.636Z",
        "event": 1,
        "question_number": 2,
        "round_number": 5,
        "question_displayed": false,
        "answer_displayed": false
    }
},
{
    "model": "game.eventquestionstate",
    "pk": 28,
    "fields": {
        "created_at": "2022-11-10T10:23:58.651Z",
        "event": 1,
        "question_number": 3,
        "round_number": 5,
        "question_displayed": false,
        "answer_displayed": false
    }
},
{
    "model": "game.eventquestionstate",
    "pk": 29,
    "fields": {
        "created_at": "2022-11-10T10:23:58.667Z",
        "event": 1,
        "question_number": 4,
        "round_number": 5,
        "question_displayed": false,
        "answer_displayed": false
    }
},
{
    "model": "game.eventquestionstate",
    "pk": 30,
    "fields": {
        "created_at": "2022-11-10T10:23:58.684Z",
        "event": 1,
        "question_number": 5,
        "round_number": 5,
        "question_displayed": false,
        "answer_displayed": false
    }
},
{
    "model": "game.eventquestionstate",
    "pk": 31,
    "fields": {
        "created_at": "2022-11-10T10:23:58.712Z",
        "event": 1,
        "question_number": 1,
        "round_number": 6,
        "question_displayed": false,
        "answer_displayed": false
    }
},
{
    "model": "game.eventquestionstate",
    "pk": 32,
    "fields": {
        "created_at": "2022-11-10T10:23:58.729Z",
        "event": 1,
        "question_number": 2,
        "round_number": 6,
        "question_displayed": false,
        "answer_displayed": false
    }
},
{
    "model": "game.eventquestionstate",
    "pk": 33,
    "fields": {
        "created_at": "2022-11-10T10:23:58.746Z",
        "event": 1,
        "question_number": 3,
        "round_number": 6,
        "question_displayed": false,
        "answer_displayed": false
    }
},
{
    "model": "game.eventquestionstate",
    "pk": 34,
    "fields": {
        "created_at": "2022-11-10T10:23:58.763Z",
        "event": 1,
        "question_number": 4,
        "round_number": 6,
        "question_displayed": false,
        "answer_displayed": false
    }
},
{
    "model": "game.eventquestionstate",
    "pk": 35,
    "fields": {
        "created_at": "2022-11-10T10:23:58.780Z",
        "event": 1,
        "question_number": 5,
        "round_number": 6,
        "question_displayed": false,
        "answer_displayed": false
    }
},
{
    "model": "game.eventquestionstate",
    "pk": 36,
    "fields": {
        "created_at": "2022-11-10T10:23:58.807Z",
        "event": 1,
        "question_number": 1,
        "round_number": 7,
        "question_displayed": false,
        "answer_displayed": false
    }
},
{
    "model": "game.eventquestionstate",
    "pk": 37,
    "fields": {
        "created_at": "2022-11-10T10:23:58.825Z",
        "event": 1,
        "question_number": 2,
        "round_number": 7,
        "question_displayed": false,
        "answer_displayed": false
    }
},
{
    "model": "game.eventquestionstate",
    "pk": 38,
    "fields": {
        "created_at": "2022-11-10T10:23:58.841Z",
        "event": 1,
        "question_number": 3,
        "round_number": 7,
        "question_displayed": false,
        "answer_displayed": false
    }
},
{
    "model": "game.eventquestionstate",
    "pk": 39,
    "fields": {
        "created_at": "2022-11-10T10:23:58.861Z",
        "event": 1,
        "question_number": 4,
        "round_number": 7,
        "question_displayed": false,
        "answer_displayed": false
    }
},
{
    "model": "game.eventquestionstate",
    "pk": 40,
    "fields": {
        "created_at": "2022-11-10T10:23:58.878Z",
        "event": 1,
        "question_number": 5,
        "round_number": 7,
        "question_displayed": false,
        "answer_displayed": false
    }
},
{
    "model": "game.eventquestionstate",
    "pk": 41,
    "fields": {
        "created_at": "2022-11-10T10:23:58.906Z",
        "event": 1,
        "question_number": 1,
        "round_number": 8,
        "question_displayed": false,
        "answer_displayed": false
    }
},
{
    "model": "game.eventquestionstate",
    "pk": 42,
    "fields": {
        "created_at": "2022-11-10T10:23:58.923Z",
        "event": 1,
        "question_number": 2,
        "round_number": 8,
        "question_displayed": false,
        "answer_displayed": false
    }
},
{
    "model": "game.eventquestionstate",
    "pk": 43,
    "fields": {
        "created_at": "2022-11-10T10:23:58.939Z",
        "event": 1,
        "question_number": 3,
        "round_number": 8,
        "question_displayed": false,
        "answer_displayed": false
    }
},
{
    "model": "game.eventquestionstate",
    "pk": 44,
    "fields": {
        "created_at": "2022-11-10T10:23:58.956Z",
        "event": 1,
        "question_number": 4,
        "round_number": 8,
        "question_displayed": false,
        "answer_displayed": false
    }
},
{
    "model": "game.eventquestionstate",
    "pk": 45,
    "fields": {
        "created_at": "2022-11-10T10:23:58.973Z",
        "event": 1,
        "question_number": 5,
        "round_number": 8,
        "question_displayed": false,
        "answer_displayed": false
    }
},
{
    "model": "game.eventroundstate",
    "pk": 1,
    "fields": {
        "created_at": "2022-11-10T10:23:58.158Z",
        "event": 1,
        "round_number": 1,
        "locked": false,
        "scored": false
    }
},
{
    "model": "game.eventroundstate",
    "pk": 2,
    "fields": {
        "created_at": "2022-11-10T10:23:58.256Z",
        "event": 1,
        "round_number": 2,
        "locked": false,
        "scored": false
    }
},
{
    "model": "game.eventroundstate",
    "pk": 3,
    "fields": {
        "created_at": "2022-11-10T10:23:58.346Z",
        "event": 1,
        "round_number": 3,
        "locked": false,
        "scored": false
    }
},
{
    "model": "game.eventroundstate",
    "pk": 4,
    "fields": {
        "created_at": "2022-11-10T10:23:58.437Z",
        "event": 1,
        "round_number": 4,
        "locked": false,
        "scored": false
    }
},
{
    "model": "game.eventroundstate",
    "pk": 5,
    "fields": {
        "created_at": "2022-11-10T10:23:58.603Z",
        "event": 1,
        "round_number": 5,
        "locked": false,
        "scored": false
    }
},
{
    "model": "game.eventroundstate",
    "pk": 6,
    "fields": {
        "created_at": "2022-11-10T10:23:58.695Z",
        "event": 1,
        "round_number": 6,
        "locked": false,
        "scored": false
    }
},
{
    "model": "game.eventroundstate",
    "pk": 7,
    "fields": {
        "created_at": "2022-11-10T10:23:58.790Z",
        "event": 1,
        "round_number": 7,
        "locked": false,
        "scored": false
    }
},
{
    "model": "game.eventroundstate",
    "pk": 8,
    "fields": {
        "created_at": "2022-11-10T10:23:58.890Z",
        "event": 1,
        "round_number": 8,
        "locked": false,
        "scored": false
    }
},
{
    "model": "game.location",
    "pk": 1,
    "fields": {
        "created_at": "2022-11-19T17:09:27.416Z",
        "name": "Todd's Garage",
        "address": "My House",
        "active": true,
        "primary_host": null
    }
},
{
    "model": "game.location",
    "pk": 2,
    "fields": {
        "created_at": "2022-11-19T17:09:27.416Z",
        "name": "The Most Happening Place in the World",
        "address": "",
        "active": true,
        "primary_host": null
    }
},
{
    "model": "user.user",
    "pk": 1,
    "fields": {
        "password": "pbkdf2_sha256$390000$uNYOfA3PW61QtLcNPrlUxy$g+vZVnvn0nD/P7+cCsvxNFZ8BP+8dgcQVAzrZdiO6yc=",
        "last_login": "2022-11-16T17:48:03.156Z",
        "is_superuser": true,
        "username": "todd",
        "first_name": "",
        "last_name": "",
        "email": "hughest64@gmail.com",
        "is_staff": true,
        "is_active": true,
        "date_joined": "2022-05-30T16:29:00Z",
        "active_team_id": 4,
        "auto_reveal_questions": false,
        "groups": [],
        "user_permissions": []
    }
},
{
    "model": "user.user",
    "pk": 2,
    "fields": {
        "password": "pbkdf2_sha256$390000$tbckRq1ERIT3Vf3GyHYYyj$IQw5RtSAR/7cO7sKOTxLj9B6w9qNHIQl+PfwQ7aAUK0=",
        "last_login": null,
        "is_superuser": false,
        "username": "kieran",
        "first_name": "",
        "last_name": "",
        "email": "",
        "is_staff": false,
        "is_active": true,
        "date_joined": "2022-06-05T23:42:34.573Z",
        "active_team_id": 2,
        "auto_reveal_questions": false,
        "groups": [],
        "user_permissions": []
    }
},
{
    "model": "user.user",
    "pk": 3,
    "fields": {
        "password": "pbkdf2_sha256$390000$HADuXutUAtSmjR170vNRgS$fDPC58WnyxNah/lIZHl44sGRg9b+dJNYiulr7CTu1y8=",
        "last_login": null,
        "is_superuser": false,
        "username": "guest",
        "first_name": "",
        "last_name": "",
        "email": "",
        "is_staff": false,
        "is_active": true,
        "date_joined": "2022-07-01T20:56:26.281Z",
        "active_team_id": 6,
        "auto_reveal_questions": false,
        "groups": [],
        "user_permissions": []
    }
},
{
    "model": "user.user",
    "pk": 4,
    "fields": {
        "password": "pbkdf2_sha256$390000$0HXMA8NvpRlu0YgB7kyRth$5d/4aojW+m7KO2XgK8cRyZBf42ty+9rDjiU9DXn8XE0=",
        "last_login": null,
        "is_superuser": true,
        "username": "sample_admin",
        "first_name": "",
        "last_name": "",
        "email": "",
        "is_staff": true,
        "is_active": true,
        "date_joined": "2022-08-05T20:36:36Z",
        "active_team_id": null,
        "auto_reveal_questions": false,
        "groups": [],
        "user_permissions": []
    }
},
{
    "model": "user.user",
    "pk": 5,
    "fields": {
        "password": "pbkdf2_sha256$390000$FBHDX0p4ucXX7GoazHuEz5$TJC/P88jsJgQWISzpyHFA7gOlHphH0MF5V8sfJJ1P3A=",
        "last_login": null,
        "is_superuser": false,
        "username": "player",
        "first_name": "",
        "last_name": "",
        "email": "",
        "is_staff": false,
        "is_active": true,
        "date_joined": "2022-10-04T09:44:23Z",
        "active_team_id": 3,
        "auto_reveal_questions": true,
        "groups": [],
        "user_permissions": []
    }
},
{
    "model": "user.user",
    "pk": 6,
    "fields": {
        "password": "pbkdf2_sha256$390000$y7doi0gEuBOmhK9Cy9gm93$92X4RGnn1DAaac5Jlio6Olm5SQPVxCMZ0imihnRQLm8=",
        "last_login": null,
        "is_superuser": false,
        "username": "blarg",
        "first_name": "",
        "last_name": "",
        "email": "",
        "is_staff": false,
        "is_active": true,
        "date_joined": "2022-10-04T14:13:16Z",
        "active_team_id": 2,
        "auto_reveal_questions": false,
        "groups": [],
        "user_permissions": []
    }
},
{
    "model": "user.user",
    "pk": 7,
    "fields": {
        "password": "pbkdf2_sha256$390000$Fzh6Zuq4n9UBLXYyOti7nS$dB4vtBhrNLGLz+/E32kWuuhrOT7USnwIFX3isM95c24=",
        "last_login": null,
        "is_superuser": false,
        "username": "player_two",
        "first_name": "",
        "last_name": "",
        "email": "",
        "is_staff": false,
        "is_active": true,
        "date_joined": "2022-10-21T20:58:06Z",
        "active_team_id": 3,
        "auto_reveal_questions": false,
        "groups": [],
        "user_permissions": []
    }
}
]
